{
	"partitions" : [
		{
			"name" : "Top",
			"pins" : [
				{
					"name" : "pin_name1",
					"strict" : false
				},
				{
					"name" : "HEX0[6]",
					"strict" : false
				},
				{
					"name" : "HEX0[5]",
					"strict" : false
				},
				{
					"name" : "HEX0[4]",
					"strict" : false
				},
				{
					"name" : "HEX0[3]",
					"strict" : false
				},
				{
					"name" : "HEX0[2]",
					"strict" : false
				},
				{
					"name" : "HEX0[1]",
					"strict" : false
				},
				{
					"name" : "HEX0[0]",
					"strict" : false
				},
				{
					"name" : "HEX1[6]",
					"strict" : false
				},
				{
					"name" : "HEX1[5]",
					"strict" : false
				},
				{
					"name" : "HEX1[4]",
					"strict" : false
				},
				{
					"name" : "HEX1[3]",
					"strict" : false
				},
				{
					"name" : "HEX1[2]",
					"strict" : false
				},
				{
					"name" : "HEX1[1]",
					"strict" : false
				},
				{
					"name" : "HEX1[0]",
					"strict" : false
				},
				{
					"name" : "HEX2[6]",
					"strict" : false
				},
				{
					"name" : "HEX2[5]",
					"strict" : false
				},
				{
					"name" : "HEX2[4]",
					"strict" : false
				},
				{
					"name" : "HEX2[3]",
					"strict" : false
				},
				{
					"name" : "HEX2[2]",
					"strict" : false
				},
				{
					"name" : "HEX2[1]",
					"strict" : false
				},
				{
					"name" : "HEX2[0]",
					"strict" : false
				},
				{
					"name" : "HEX3[6]",
					"strict" : false
				},
				{
					"name" : "HEX3[5]",
					"strict" : false
				},
				{
					"name" : "HEX3[4]",
					"strict" : false
				},
				{
					"name" : "HEX3[3]",
					"strict" : false
				},
				{
					"name" : "HEX3[2]",
					"strict" : false
				},
				{
					"name" : "HEX3[1]",
					"strict" : false
				},
				{
					"name" : "HEX3[0]",
					"strict" : false
				},
				{
					"name" : "HEX4[6]",
					"strict" : false
				},
				{
					"name" : "HEX4[5]",
					"strict" : false
				},
				{
					"name" : "HEX4[4]",
					"strict" : false
				},
				{
					"name" : "HEX4[3]",
					"strict" : false
				},
				{
					"name" : "HEX4[2]",
					"strict" : false
				},
				{
					"name" : "HEX4[1]",
					"strict" : false
				},
				{
					"name" : "HEX4[0]",
					"strict" : false
				},
				{
					"name" : "HEX5[6]",
					"strict" : false
				},
				{
					"name" : "HEX5[5]",
					"strict" : false
				},
				{
					"name" : "HEX5[4]",
					"strict" : false
				},
				{
					"name" : "HEX5[3]",
					"strict" : false
				},
				{
					"name" : "HEX5[2]",
					"strict" : false
				},
				{
					"name" : "HEX5[1]",
					"strict" : false
				},
				{
					"name" : "HEX5[0]",
					"strict" : false
				},
				{
					"name" : "test[39]",
					"strict" : false
				},
				{
					"name" : "test[38]",
					"strict" : false
				},
				{
					"name" : "test[37]",
					"strict" : false
				},
				{
					"name" : "test[36]",
					"strict" : false
				},
				{
					"name" : "test[35]",
					"strict" : false
				},
				{
					"name" : "test[34]",
					"strict" : false
				},
				{
					"name" : "test[33]",
					"strict" : false
				},
				{
					"name" : "test[32]",
					"strict" : false
				},
				{
					"name" : "test[31]",
					"strict" : false
				},
				{
					"name" : "test[30]",
					"strict" : false
				},
				{
					"name" : "test[29]",
					"strict" : false
				},
				{
					"name" : "test[28]",
					"strict" : false
				},
				{
					"name" : "test[27]",
					"strict" : false
				},
				{
					"name" : "test[26]",
					"strict" : false
				},
				{
					"name" : "test[25]",
					"strict" : false
				},
				{
					"name" : "test[24]",
					"strict" : false
				},
				{
					"name" : "test[23]",
					"strict" : false
				},
				{
					"name" : "test[22]",
					"strict" : false
				},
				{
					"name" : "test[21]",
					"strict" : false
				},
				{
					"name" : "test[20]",
					"strict" : false
				},
				{
					"name" : "test[19]",
					"strict" : false
				},
				{
					"name" : "test[18]",
					"strict" : false
				},
				{
					"name" : "test[17]",
					"strict" : false
				},
				{
					"name" : "test[16]",
					"strict" : false
				},
				{
					"name" : "test[15]",
					"strict" : false
				},
				{
					"name" : "test[14]",
					"strict" : false
				},
				{
					"name" : "test[13]",
					"strict" : false
				},
				{
					"name" : "test[12]",
					"strict" : false
				},
				{
					"name" : "test[11]",
					"strict" : false
				},
				{
					"name" : "test[10]",
					"strict" : false
				},
				{
					"name" : "test[9]",
					"strict" : false
				},
				{
					"name" : "test[8]",
					"strict" : false
				},
				{
					"name" : "test[7]",
					"strict" : false
				},
				{
					"name" : "test[6]",
					"strict" : false
				},
				{
					"name" : "test[5]",
					"strict" : false
				},
				{
					"name" : "test[4]",
					"strict" : false
				},
				{
					"name" : "test[3]",
					"strict" : false
				},
				{
					"name" : "test[2]",
					"strict" : false
				},
				{
					"name" : "test[1]",
					"strict" : false
				},
				{
					"name" : "test[0]",
					"strict" : false
				},
				{
					"name" : "CLOCK_50",
					"strict" : false
				},
				{
					"name" : "KEY[0]",
					"strict" : false
				},
				{
					"name" : "KEY[1]",
					"strict" : false
				}
			]
		}
	]
}